make,model,units_sold,avg_selling_price,avg_market_value,avg_profit,avg_margin_pct
Bentley,Continental Supersports,1,101000,115000,-14000,-13.86
Bentley,Flying Spur,2,154000,162000,-8000,-5.21
BMW,i8,9,154222.22,160777.78,-6555.56,-4.23
land rover,rr,2,47200,53750,-6550,-14.09
Mercedes-Benz,SLS AMG,3,116016.67,121000,-4983.33,-4.5
Ferrari,F430,4,109750,113750,-4000,-3.46
Cadillac,ELR,5,40620,44400,-3780,-9.59
Bentley,Continental GTC,33,89380.3,93151.52,-3771.21,-4.31
Mercedes-Benz,SLS AMG GT,1,156500,160000,-3500,-2.24
Plymouth,Prowler,9,20688.89,24122.22,-3433.33,-39.22
kia,optima,1,2600,5750,-3150,-121.15
Chevrolet,Spark EV,2,11500,14550,-3050,-26.61
buick,lacrosse,1,6000,9050,-3050,-50.83
Mercedes-Benz,GLA-Class,2,32000,34650,-2650,-8.28
Fisker,Karma,9,46461.11,49100,-2638.89,-6.32
mercedes,g55,2,35875,38500,-2625,-6.62
audi,a6,2,24650,27100,-2450,-9.99
gmc truck,1500,1,1300,3750,-2450,-188.46
Mercedes-Benz,G-Class,65,82400,84836.92,-2436.92,-7.14
Porsche,Macan,8,60881.25,63275,-2393.75,-4.02
BMW,ActiveHybrid X6,5,27680,30040,-2360,-9.72
chevrolet,capt,3,15733.33,18050,-2316.67,-21.34
Nissan,NV Passenger,3,20966.67,23066.67,-2100,-15.09
Maserati,GranTurismo Convertible,13,76326.92,78384.62,-2057.69,-3.07
chrysler,300,4,7300,9306.25,-2006.25,-59.98
porsche,carrera,1,30200,32200,-2000,-6.62
Maserati,GranSport,2,32000,34000,-2000,-6.32
Ferrari,California,13,131846.15,133692.31,-1846.15,-1.64
GMC,Sierra 3500,10,16545,18390,-1845,-22.46
Audi,R8,38,89725,91500,-1775,-2.49
BMW,M6 Gran Coupe,15,91843.33,93600,-1756.67,-2.06
bmw,x3,1,5300,7050,-1750,-33.02
Audi,RS 4,3,26066.67,27800,-1733.33,-6.21
ford,expedit,2,1850,3525,-1675,-189.01
Lexus,RC F,5,64360,66000,-1640,-2.72
chevrolet,g1500,7,6971.43,8600,-1628.57,-25.35
toyota,pickup,2,950,2550,-1600,-180.82
Saturn,Aura Hybrid,5,3980,5480,-1500,-42.75
Chevrolet,Silverado 3500 Classic,3,15166.67,16616.67,-1450,-8.75
Volkswagen,Golf GTI,8,20956.25,22400,-1443.75,-8.66
bmw,alp,3,51700,53100,-1400,-2.86
porsche,911,18,30975,32362.5,-1387.5,-6.37
chrysler,crossfire,2,4700,6050,-1350,-30.62
Volkswagen,Jetta Hybrid,22,15761.36,17077.27,-1315.91,-9.65
chevrolet,aveo,1,5000,6250,-1250,-25
mercedes,e300dt,2,1550,2800,-1250,-275.23
mercedes,c240s,1,3500,4750,-1250,-35.71
kia,sportage,1,2900,4150,-1250,-43.1
Cadillac,CTS-V Coupe,35,38682.03,39931.43,-1249.4,-3.59
chrysler,pt,1,600,1825,-1225,-204.17
GMC,Sierra 2500HD Classic,20,18667.5,19882.5,-1215,-11.39
bmw,323i,1,10400,11600,-1200,-11.54
GMC,Sierra 1500 Hybrid,2,17100,18300,-1200,-7.48
Lexus,LS 600h L,4,24412.5,25600,-1187.5,-7.2
Cadillac,Fleetwood,1,350,1475,-1125,-321.43
kia,rio,3,4666.67,5783.33,-1116.67,-23.81
Chevrolet,Caprice,10,992.5,2097.5,-1105,-228.79
ford,350,1,4900,6000,-1100,-22.45
Lexus,RC 350,6,45975,47066.67,-1091.67,-2.43
toyota,avalon,1,1400,2450,-1050,-75
nissan,versa,1,8000,9050,-1050,-13.13
Chevrolet,Silverado 1500 Hybrid,3,18400,19450,-1050,-5.78
Chevrolet,Malibu Hybrid,24,5295.83,6301.04,-1005.21,-46.56
BMW,4 Series Gran Coupe,12,44233.33,45233.33,-1000,-2.54
BMW,M6,83,55395.18,56386.75,-991.57,-5.35
Acura,RLX,17,30644.12,31635.29,-991.18,-3.9
ford,freestyle,3,1416.67,2400,-983.33,-175.61
volkswagen,jetta,3,6033.33,7008.33,-975,-15.7
Infiniti,G37 Coupe,12,15529.17,16491.67,-962.5,-8.8
Cadillac,XLR,26,18876.92,19833.65,-956.73,-111.07
pontiac,vibe,3,7266.67,8208.33,-941.67,-14.59
chevrolet,suburban,2,1400,2337.5,-937.5,-226.56
Maserati,Quattroporte,66,31487.12,32390.15,-903.03,-9.1
gmc,subrbn,1,600,1500,-900,-150
Ford,F-150 Heritage,45,2742.22,3622.78,-880.56,-60.38
Nissan,GT-R,61,73061.48,73931.15,-869.67,-1.65
BMW,8 Series,1,6750,7600,-850,-12.59
dodge,journey,11,17272.73,18122.73,-850,-7.05
Honda,Civic del Sol,1,450,1300,-850,-188.89
Dodge,Viper,11,38872.73,39718.18,-845.45,-4.02
Lexus,LX 570,121,53710.74,54542.98,-832.23,-21.05
dodge,dakota,7,1850,2678.57,-828.57,-96.71
Nissan,300ZX,4,1137.5,1956.25,-818.75,-249.97
Nissan,Murano CrossCabriolet,42,26663.1,27471.43,-808.33,-6.8
Rolls-Royce,Ghost,17,153488.24,154294.12,-805.88,-0.68
Mercedes-Benz,CLA-Class,134,30720.15,31524.63,-804.48,-4.51
smart,42c,1,2000,2800,-800,-40
Ford,Transit Van,19,23823.68,24615.79,-792.11,-4.2
ford,e350,43,10275.58,11063.37,-787.79,-12.7
Volkswagen,Touareg 2,41,11071.95,11850,-778.05,-18.37
BMW,6 Series Gran Coupe,108,55162.99,55938.89,-775.9,-1.56
Ford,Transit Wagon,17,28564.71,29335.29,-770.59,-3.86
gmc,sr,9,9705.56,10466.67,-761.11,-10.17
Tesla,Model S,23,67054.35,67813.04,-758.7,-1.41
Honda,Accord Hybrid,10,25575,26330,-755,-3
chevrolet,cavalier,1,300,1050,-750,-250
Oldsmobile,Regency,1,300,1050,-750,-250
Jaguar,F-TYPE,39,73789.74,74538.46,-748.72,-1.29
Chevrolet,Silverado 3500HD,154,31140.58,31877.92,-737.34,-6.52
Maserati,Ghibli,19,58873.68,59605.26,-731.58,-1.36
GMC,Sierra 3500HD,48,34415.62,35140.63,-725,-5.19
Mazda,RX-8,15,10140,10856.67,-716.67,-14.02
Nissan,Rogue Select,133,15273.68,15979.32,-705.64,-9.76
dodge,avenger,1,6200,6900,-700,-11.29
kia,borrego,2,9000,9700,-700,-7.14
Toyota,MR2 Spyder,16,3537.5,4228.13,-690.62,-52.27
Lexus,GS 450h,33,19547.73,20231.82,-684.09,-8.93
ford tk,ranger,1,2800,3475,-675,-24.11
buick,allure,1,4200,4875,-675,-16.07
Ford,F-150 SVT Lightning,3,7083.33,7750,-666.67,-60.92
GMC,Sierra 1500 Classic,47,10750,11409.57,-659.57,-17.35
Jaguar,XJ,213,40403.76,41061.03,-657.27,-2.49
Mazda,Truck,8,2343.75,2990.63,-646.88,-46.36
gmc truck,yukon,2,950,1587.5,-637.5,-209.11
Daewoo,Leganza,1,300,925,-625,-208.33
Infiniti,FX45,35,8171.43,8791.43,-620,-17.66
Mitsubishi,i-MiEV,21,7290.48,7905.95,-615.48,-9.3
Jaguar,XF,391,23804.22,24411.45,-607.23,-3.57
Subaru,WRX,33,29900,30503.03,-603.03,-2.48
oldsmobile,intrigue,2,462.5,1062.5,-600,-123.97
Chevrolet,Spark,322,8024.93,8621.82,-596.89,-25.33
jeep,wrangler,61,7690.98,8286.07,-595.08,-14.6
Chevrolet,Tahoe Limited/Z71,11,1138.64,1731.82,-593.18,-61.59
bmw,7,2,13200,13787.5,-587.5,-3.25
Mercedes-Benz,CLS-Class,476,29916.89,30494.33,-577.44,-3.21
BMW,X5 M,37,45804.05,46378.38,-574.32,-2.78
BMW,X6 M,26,58284.62,58853.85,-569.23,-1.77
mercedes,s55,5,10240,10805,-565,-7.36
FIAT,500e,3,14133.33,14683.33,-550,-3.64
Ram,3500,253,34569.96,35119.37,-549.41,-3.1
Toyota,Prius Plug-in,45,16821.11,17362.22,-541.11,-3.94
honda,civic,7,2300,2825,-525,-32.63
Bentley,Continental GT,43,67310.47,67834.88,-524.42,-1.58
vw,beetle,3,4600,5116.67,-516.67,-62.54
Land Rover,Range Rover,396,39298.75,39814.46,-515.71,-9.25
Ram,CV Tradesman,4,15512.5,16025,-512.5,-2.75
Nissan,Versa Note,658,10334.04,10844.53,-510.48,-15.16
Nissan,NV Cargo,58,20937.07,21447.41,-510.34,-2.8
GMC,Sierra 2500,4,6000,6506.25,-506.25,-19.37
Volkswagen,EuroVan,7,2757.14,3260.71,-503.57,-24.62
Acura,mdx,4,23000,23500,-500,-3.05
gmc,sonoma,2,850,1350,-500,-62.32
mercedes-b,c230wz,1,8800,9300,-500,-5.68
GMC,Safari,3,2266.67,2766.67,-500,-29.11
Toyota,Prius v,103,16969.42,17465.05,-495.63,-4.33
Infiniti,M56,10,24045,24540,-495,-2.25
Infiniti,QX70,73,33686.99,34179.45,-492.47,-3.06
Dodge,Ram Pickup 2500,505,15587.77,16076.78,-489.01,-13.51
cadillac,sts,29,4781.03,5269.83,-488.79,-28.21
Volkswagen,R32,15,10556.67,11045,-488.33,-7.2
bmw,750li,30,40914.17,41400,-485.83,-2.08
Dodge,Ram Cargo,7,1328.57,1814.29,-485.71,-132.85
Infiniti,Q70,32,32464.06,32940.62,-476.56,-1.83
Infiniti,M37,90,21567.74,22042.78,-475.03,-3.56
nissan,pathfinder,2,750,1225,-475,-88.1
Isuzu,Ascender,38,2750,3222.37,-472.37,-83.42
Porsche,Panamera,268,55730.41,56197.01,-466.6,-1.06
Hyundai,Equus,132,33029.55,33493.18,-463.64,-2.07
Mazda,Mazda2,418,8232.79,8690.79,-458,-20.41
Infiniti,G37 Convertible,20,20177.5,20635,-457.5,-3.76
Chevrolet,Silverado 2500HD Classic,65,14178.46,14633.85,-455.38,-11.26
Chevrolet,Malibu Classic,44,3000,3452.27,-452.27,-42.84
chrysler,twn/cntry,2,412.5,862.5,-450,-108.64
land rover,rrs,1,12000,12450,-450,-3.75
Chevrolet,Silverado 3500,38,14230.26,14675.66,-445.39,-21.38
Toyota,Avalon Hybrid,40,25607.5,26052.5,-445,-2.05
Infiniti,M45,67,8035.82,8471.64,-435.82,-14.21
Jaguar,XK,87,44767.24,45198.28,-431.03,-1.02
BMW,5 Series Gran Turismo,204,35146.45,35573.04,-426.59,-1.84
Land Rover,LR4,175,39025.14,39445.14,-420,-1.14
Lincoln,MKC,20,32957.5,33375,-417.5,-1.67
BMW,X6,263,38960.08,39374.14,-414.07,-1.67
Mercedes-Benz,M-Class,1908,20064.27,20477.1,-412.83,-6.26
GMC,Safari Cargo,2,2050,2462.5,-412.5,-20.33
Land Rover,Range Rover Evoque,151,35891.39,36302.65,-411.26,-1.54
Kia,Rondo,163,3596.47,4006.9,-410.43,-40.14
Chevrolet,Captiva Sport,1016,13514.23,13921.68,-407.45,-6.29
Kia,Borrego,81,8722.22,9127.16,-404.94,-9.16
Audi,S8,19,44476.32,44878.95,-402.63,0.15
Mercedes-Benz,SLK-Class,321,19180.53,19582.48,-401.95,-5.95
mercedes-b,sl55,1,18500,18900,-400,-2.16
ford,bronco,1,1100,1500,-400,-36.36
Ford,E-250,2,1000,1400,-400,-105
Porsche,911,229,69089.74,69489.08,-399.34,-1.7
mazda,cx-7,48,4928.54,5327.08,-398.54,-14.39
Mercedes-Benz,E-Class,3884,21500.11,21898.23,-398.12,-193.51
oldsmobile,alero,10,787.5,1185,-397.5,-80.27
Mazda,Mazdaspeed Mazda6,14,6075,6469.64,-394.64,-25.57
Lexus,ES 300h,72,29472.92,29863.89,-390.97,-1.72
Buick,Verano,382,13118.98,13507.53,-388.54,-5.07
chevrolet,3500,2,5650,6037.5,-387.5,-4.8
Dodge,Ram Pickup 1500,2234,9631.98,10009.17,-377.18,-19.91
Audi,Cabriolet,1,800,1175,-375,-46.88
Lincoln,MKZ,1704,17374.65,17749.52,-374.87,-5.05
Ford,Fusion Energi,51,20842.16,21215.69,-373.53,-4.58
Toyota,Land Cruiser,108,22075.46,22443.75,-368.29,-29.34
maserati,quattroporte,3,28400,28766.67,-366.67,-2.48
Honda,accord,23,4054.35,4420.65,-366.3,-27.75
Dodge,Magnum,375,4271.73,4637.47,-365.73,-32.97
Mercedes-Benz,S-Class,1511,27932.02,28296.99,-364.97,-11.27
Mercedes-Benz,GLK-Class,857,25231.98,25594.57,-362.59,-2.01
Hyundai,Accent,2039,7604.33,7966.81,-362.48,-12.44
Chrysler,200,4047,11139.05,11497.68,-358.63,-7.65
Mercedes-Benz,GL-Class,1061,29637.71,29994.04,-356.33,-2.71
Mercury,Mariner Hybrid,23,6008.7,6364.13,-355.43,-8.4
Mercedes-Benz,420-Class,1,1400,1750,-350,-25
mercedes,300e,3,300,650,-350,-131.94
dot,durango,1,500,850,-350,-70
chevrolet,lumina,1,600,950,-350,-58.33
toyota,matrix,5,5260,5605,-345,-12.93
Ford,F-450 Super Duty,77,27432.78,27777.6,-344.82,-3.52
Mitsubishi,Lancer Sportback,39,10323.08,10667.31,-344.23,-7.5
Mercury,Monterey,48,2091.67,2434.9,-343.23,-57.95
Mercury,Montego,93,3023.12,3362.63,-339.52,-52.49
Chevrolet,TrailBlazer EXT,190,3409.74,3747.37,-337.63,-30.38
Mazda,B-Series Pickup,9,1211.11,1547.22,-336.11,-83.61
Ford,Crown Victoria,140,3831.61,4161.07,-329.46,-33.1
Buick,Century,227,1506.28,1829.3,-323.02,-74.16
gmc,1500,9,2133.33,2455.56,-322.22,-72.69
Toyota,Prius c,117,12835.47,13155.13,-319.66,-3.39
Ram,C/V Cargo Van,43,7300,7617.44,-317.44,-9.64
Mercedes-Benz,190-Class,3,708.33,1025,-316.67,-64.37
Land Rover,Range Rover Sport,749,36011.01,36326.5,-315.49,-1.37
Lexus,GX 460,257,37226.81,37539.3,-312.49,-1.13
Lexus,IS 250 C,125,25960,26270.4,-310.4,-1.71
Lexus,LS 460,574,29057.3,29367.25,-309.95,-1.83
Hyundai,Elantra GT,246,12948.78,13257.32,-308.54,-11.09
Audi,Q7,480,26346.88,26654.32,-307.45,-2.45
BMW,X3,1250,17416.06,17717.92,-301.86,-4.75
volkswagen,beetle,3,9800,10100,-300,-4.93
mitsubishi,endeavor,13,9492.31,9788.46,-296.15,-5.52
Buick,Lucerne,496,6521.39,6816.08,-294.69,-12.91
Ford,Escape Hybrid,134,9134.25,9428.92,-294.66,-13.23
Lexus,RX 450h,178,30355.62,30649.16,-293.54,-1.58
Dodge,Dart,1028,11653.75,11945.23,-291.49,-6.41
Mercedes-Benz,C-Class,5397,17635.53,17924.37,-288.84,-3.83
suzuki,sx4,2,2275,2562.5,-287.5,-58.21
Mercedes-Benz,SL-Class,435,31152.07,31438.22,-286.15,-2.06
Ford,Transit Connect,700,11208.57,11494.36,-285.79,-12.93
buick,regal,5,10585,10870,-285,-47.58
Bentley,Continental Flying Spur,31,58451.61,58735.48,-283.87,-0.59
Chevrolet,Corvette Stingray,113,55252.21,55535.4,-283.19,-3.75
Chrysler,300,3902,12871.64,13153.72,-282.08,-12.87
Lincoln,MKX,1160,22634.88,22915.58,-280.7,-2.69
Mazda,6,28,9298.21,9576.79,-278.57,-11.1
GMC,Sierra 2500HD,453,25616.89,25894.81,-277.92,-3.53
Mitsubishi,Mirage,211,7926.54,8202.73,-276.18,-11.42
oldsmobile,silhouette,3,766.67,1041.67,-275,-50.42
chevrolet,uplandr,1,900,1175,-275,-30.56
Chevrolet,malibu,97,7131.96,7406.44,-274.48,-11.12
Dodge,Durango,2060,14524.66,14798.83,-274.18,-25.4
Volkswagen,Touareg,338,13752.51,14026.26,-273.74,-9.92
Buick,LaCrosse,1188,12651.94,12923.3,-271.35,-11.29
Audi,allroad quattro,35,3195.71,3465,-269.29,-47.28
Chevrolet,Monte Carlo,398,2537.31,2806.47,-269.16,-44.68
Pontiac,G5,138,3479.35,3748.19,-268.84,-22.39
Volkswagen,Jetta GLI,49,18077.55,18345.92,-268.37,-2.19
chrysler,twn&country,7,682.14,950,-267.86,-65.36
Ford,Explorer,7707,18209.51,18476.48,-266.97,-9.73
land rover,discovery,19,2675,2938.16,-263.16,-39.75
Toyota,Yaris,1225,7504.72,7765.9,-261.18,-11.8
Hyundai,Sonata,6912,10853.28,11113.31,-260.03,-7.92
Ford,E-150,5,960,1220,-260,-74.43
Chevrolet,Classic,56,1597.77,1857.14,-259.38,-73.52
Chevrolet,Sonic,1783,9139.55,9398.71,-259.16,-7.2
Mitsubishi,Diamante,28,908.04,1166.96,-258.93,-56.25
Lincoln,Mark LT,76,12615.79,12874.34,-258.55,-4.99
MINI,Cooper Clubman,359,12260.79,12518.31,-257.52,-7.89
mazda,mazda5,20,3587.5,3845,-257.5,-13.43
Cadillac,STS,303,7085.64,7341.34,-255.69,-21.56
chevrolet,uplander,11,2740.91,2995.45,-254.55,-12.85
Ford,Fusion Hybrid,642,16406.93,16661.37,-254.44,-4.53
Ford,Edge,5915,18743.49,18997.05,-253.56,-3.18
Pontiac,Grand Prix,1048,2529.34,2781.92,-252.58,-43.37
Cadillac,DTS,509,7241.49,7493.71,-252.22,-17.61
Cadillac,CTS-V,41,24875.61,25126.83,-251.22,-1.86
Ram,2500,924,33156.79,33406.82,-250.03,-1.92
chevrolet,cobalt,2,2250,2500,-250,-14.81
Chevrolet,Malibu,7028,9115.98,9365.89,-249.92,-10.15
Chevrolet,Impala,7923,8020,8269.39,-249.38,-14.29
Audi,Q5,542,27057.75,27301.94,-244.19,-1.4
Dodge,Charger,4538,13061.35,13305.13,-243.78,-8.9
Porsche,Cayman,66,33660.61,33903.79,-243.18,-0.76
dodge,magnum,25,2996,3239,-243,-28.11
Chevrolet,Express,293,17237.72,17479.44,-241.72,-3.5
Chevrolet,Silverado 1500 Classic,188,8403.99,8645.61,-241.62,-9.16
BMW,X4,5,51620,51860,-240,-0.61
Lexus,GS 400,20,2360,2600,-240,-33.79
Dodge,Journey,3100,12531.81,12771.77,-239.96,-6.23
Hyundai,Elantra,6261,10058.78,10298.37,-239.59,-6.39
Ford,F-350 Super Duty,1123,22417.93,22656.32,-238.39,-704.48
Jeep,Cherokee,606,18357.51,18595.46,-237.95,-13.43
Hyundai,Genesis,902,17978.09,18215.77,-237.68,-3.97
Hyundai,Tucson,873,11987.69,12225.26,-237.57,-7.02
ford,taurus,10,450,687.5,-237.5,-75
Chevrolet,Camaro,1950,19334.11,19570.18,-236.07,-4.43
Pontiac,G6,1686,4501.78,4736.54,-234.76,-20.11
Chevrolet,TrailBlazer,1133,4365.49,4600.13,-234.64,-25.16
Dodge,Ram Pickup 3500,201,18958.46,19192.91,-234.45,-24.91
vw,jetta,9,7038.89,7272.22,-233.33,-0.65
Mercury,Milan,274,4720.62,4952.19,-231.57,-22.75
Chevrolet,Colorado,813,8908.64,9139.73,-231.09,-18.01
toyota,sienna,32,1628.91,1859.38,-230.47,-31.09
Nissan,Versa,3092,7552.23,7782.45,-230.23,-10.29
ford,police,16,1703.13,1932.81,-229.69,-56.43
Nissan,NV200,29,15956.9,16186.21,-229.31,-5.15
Dodge,Challenger,1196,20875.25,21104.22,-228.97,-4.74
chevrolet,impala,34,3841.18,4069.85,-228.68,-11.53
Saab,03-Sept,354,3471.96,3700.21,-228.25,-38.69
Chrysler,Pacifica,229,3901.31,4129.48,-228.17,-20.67
Jaguar,XJ-Series,175,5556.86,5785,-228.14,-30.46
Ford,C-Max Energi,234,12238.46,12466.35,-227.88,-4.26
chevrolet,camaro,10,1265,1492.5,-227.5,-83.13
Nissan,Pathfinder,2152,14058.81,14283.89,-225.07,-8.37
bmw,750lxi,4,30375,30600,-225,-1.03
mercedes,420sel,1,1400,1625,-225,-16.07
Jeep,Compass,1365,12128.71,12353.42,-224.71,-6.06
Volkswagen,CC,649,13466.26,13690.41,-224.15,-4.41
GMC,Envoy,614,4253.01,4476.38,-223.37,-27.28
Oldsmobile,Silhouette,40,1051.87,1275,-223.12,-67.06
Ford,E-Series Wagon,1282,19404.22,19625.88,-221.66,-2.8
Pontiac,Torrent,266,4753.57,4974.91,-221.33,-19.08
Hyundai,XG350,79,1858.54,2079.43,-220.89,-67.55
Infiniti,G37,215,13469.65,13690,-220.35,-4.92
Hyundai,Elantra Coupe,103,12256.8,12475.97,-219.17,-4.4
Ford,F-150,14479,18832.09,19050.85,-218.76,-7.03
Nissan,Quest,802,9866.59,10084.6,-218.01,-19.4
BMW,X5,2462,22717.87,22935.69,-217.82,-4.32
BMW,7 Series,1189,17810.66,18026.22,-215.56,-15.62
mitsubishi,galant,100,7552,7767.5,-215.5,-8.49
Ford,Fusion,12945,12353.23,12568.01,-214.78,-4.4
subaru,forester,58,3805.6,4018.53,-212.93,-22.18
Volvo,XC60,412,23890.78,24103.4,-212.62,-1.69
Volvo,V70,165,1981.52,2194.09,-212.58,-35.13
Mercury,Tracer,4,312.5,525,-212.5,-73.33
mazda,tribute,13,2907.69,3119.23,-211.54,-50.98
Mercedes-Benz,B-Class Electric Drive,5,28150,28360,-210,-2.3
Lincoln,Zephyr,95,4609.47,4819.21,-209.74,-11.82
Honda,CR-Z,108,10238.43,10448.15,-209.72,-3.63
Ram,1500,3226,22914.22,23123.16,-208.94,-2.26
Dodge,Avenger,3961,9055.4,9264.21,-208.81,-8.48
Chrysler,Town and Country,5994,14534.53,14743.14,-208.61,-6.2
toyota,previa,3,308.33,516.67,-208.33,-65.98
Nissan,Juke,479,14858.87,15066.39,-207.52,-4.36
Acura,ZDX,39,26391.03,26597.44,-206.41,-1.13
Ford,Explorer Sport Trac,403,8120.47,8326.43,-205.96,-12.61
Jeep,Commander,671,7760.13,7965.42,-205.29,-10.27
Ford,Fiesta,2375,9254.12,9457.76,-203.64,-6.8
Suzuki,XL-7,79,2054.11,2256.65,-202.53,-40.8
Mazda,CX-5,507,19167.66,19369.63,-201.97,-2.14
Volvo,C70,150,12423.51,12623.67,-200.15,-13.64
Audi,A5,359,24540.39,24740.53,-200.14,-1.61
GMC,Envoy XL,239,3771.13,3971.13,-200,-33.18
chrysler,voyager,4,762.5,962.5,-200,-75.54
Dodge,Spirit,1,300,500,-200,-66.67
Mitsubishi,3000GT,3,1666.67,1866.67,-200,-86.33
Buick,LeSabre,498,1994.23,2194.03,-199.8,-52.51
Buick,Rendezvous,287,2778.22,2977.61,-199.39,-48.49
Chrysler,PT Cruiser,1231,2259.4,2458.77,-199.37,-38.47
Chevrolet,Blazer,329,1081.84,1279.41,-197.57,-65
Chevrolet,Tahoe,3094,18308.46,18505.16,-196.71,-11.39
ford,ranger,27,2744.44,2940.74,-196.3,-35.64
MINI,Cooper Coupe,39,15791.03,15987.18,-196.15,-1.28
Volvo,V60,83,26615.66,26810.84,-195.18,-0.83
Ford,Flex,1207,19115.83,19310.73,-194.9,-2.19
Cadillac,ATS,201,20519.42,20713.68,-194.26,-1.4
Lincoln,MKT,154,23567.86,23761.53,-193.67,-1.8
Cadillac,XTS,155,30246.46,30440,-193.54,-1.89
Volkswagen,Passat,3327,9573.18,9766.66,-193.48,-11.84
Nissan,Armada,789,15859.7,16052.63,-192.93,-9.25
dodge,ram,12,3629.17,3820.83,-191.67,-33.91
Mercury,Grand Marquis,536,3148.04,3339.46,-191.42,-39.63
Porsche,Cayenne,562,28886.3,29077.05,-190.75,-5.56
Saturn,Aura,465,4566.72,4756.88,-190.16,-20.9
Chevrolet,Aveo,770,3494.22,3683.6,-189.38,-20.06
Volvo,S90,7,678.57,867.86,-189.29,-48.69
chrysler,pacifica,148,2770.44,2958.28,-187.84,-36.12
Subaru,Forester,954,17138.99,17326.21,-187.21,-4.44
Infiniti,M,898,25143.51,25329.29,-185.77,-1.22
GMC,Yukon,1373,16923.84,17109.52,-185.69,-7.57
Pontiac,Grand Am,436,1226.43,1411.81,-185.38,-63.3
Oldsmobile,Alero,130,959.42,1144.23,-184.81,-62.25
Mercedes-Benz,R-Class,332,10577.56,10761.75,-184.19,-5.49
BMW,5 Series,4172,21220.04,21403.67,-183.62,-5
Mercury,Mountaineer,420,4157.26,4340.77,-183.51,-31.44
Ford,Focus,10394,9318.36,9500.11,-181.75,-8.17
Scion,xD,172,9256.4,9438.08,-181.69,-3.59
Oldsmobile,Bravada,48,1239.06,1418.75,-179.69,-41.42
Nissan,Sentra,5465,8730.95,8910.15,-179.2,-7.79
Saturn,Relay,60,2266.67,2444.58,-177.92,-28.2
acura,rl,23,6252.17,6429.35,-177.17,-5.69
Ford,Escape,11861,13985.73,14161.62,-175.89,-5.94
Chevrolet,Cobalt,1653,3445.87,3621.16,-175.29,-26.22
Mercedes-Benz,ML55 AMG,1,3100,3275,-175,-5.65
Kia,Rio,1482,8366.24,8540.42,-174.18,-9.4
Scion,xB,504,7692.36,7864.29,-171.92,-8.68
Pontiac,Sunfire,105,1008.33,1180,-171.67,-58.79
FIAT,500,557,9109.65,9280.79,-171.14,-5.48
Dodge,Caliber,1335,4876.87,5047.6,-170.73,-13.13
Ford,Ranger,1851,7971.51,8141.64,-170.13,-15.6
Pontiac,Montana,80,1575.31,1745.31,-170,-51.06
Chevrolet,S-10,221,2566.52,2736.31,-169.8,-42.02
Buick,Rainier,90,3488.89,3658.61,-169.72,-16.79
Kia,Soul,2742,11353.81,11523.52,-169.71,-4.25
Saturn,VUE Hybrid,13,6376.92,6546.15,-169.23,-4.26
Cadillac,CTS,1934,10766.98,10936.13,-169.15,-13.98
Ford,Freestar,262,1748.47,1916.98,-168.52,-58.61
ford,expedition,33,906.06,1073.48,-167.42,-33.44
Toyota,Corolla,7354,9217.03,9384.41,-167.38,-6.1
Buick,Regal,598,11217.69,11384.24,-166.55,-29.4
Mercury,Cougar,38,788.16,954.61,-166.45,-56.32
Volkswagen,Eos,190,11624.74,11790.79,-166.05,-6.79
Ford,Taurus,4649,10995.78,11161.05,-165.27,-15.81
Nissan,Murano,2904,13095.55,13260.51,-164.96,-5.54
Subaru,Baja,42,6709.52,6874.4,-164.88,-12.73
Honda,Ridgeline,199,17320.35,17484.92,-164.57,-3.93
Dodge,Intrepid,115,618.7,783.26,-164.57,-66.81
GMC,envoy,20,763.75,927.5,-163.75,-66.95
Mitsubishi,Eclipse,394,4043.53,4207.11,-163.58,-21.57
Honda,Fit,441,8999.6,9163.04,-163.44,-6.76
toyota,yaris,4,4100,4262.5,-162.5,-4.36
Land Rover,LR2,137,14005.47,14167.7,-162.23,-4.51
Toyota,RAV4,3209,14496.3,14658.39,-162.09,-2.45
Saturn,L-Series,191,1157.33,1319.37,-162.04,-65.18
GMC,Jimmy,42,941.07,1102.38,-161.31,-53.73
Jeep,Patriot,1776,11154.04,11315.29,-161.25,-5.24
Lincoln,MKS,878,21686.48,21846.3,-159.82,-1.4
Chevrolet,HHR,1092,5057.9,5217.61,-159.71,-11.91
Kia,Forte,2750,10263.87,10423.56,-159.69,-4.75
FIAT,500L,305,12627.54,12787.05,-159.51,-3.43
Mazda,Mazdaspeed3,40,14835,14994.37,-159.37,-5.16
Nissan,Maxima,6611,13043.43,13202.75,-159.32,-7.02
Saturn,Astra,54,3890.74,4049.07,-158.33,-12.46
Volkswagen,GTI,416,10442.79,10600.72,-157.93,-5.58
Audi,S4,197,22959.64,23117.13,-157.49,-4.77
Audi,TT,128,8887.89,9045.31,-157.42,-15.02
Saturn,L300,32,1835.94,1992.97,-157.03,-65.55
chevrolet,venture,15,635,791.67,-156.67,-36.55
Ford,E-Series Van,1823,19109.87,19266.14,-156.27,-1142.97
Hyundai,Santa Fe Sport,304,19835.03,19989.47,-154.44,-3.81
Lexus,RX 350,2380,26741.8,26895.4,-153.6,-0.96
Audi,A4,2261,12467.43,12620.27,-152.84,-10.25
Audi,S5,146,32837.33,32990.07,-152.74,-0.79
Infiniti,Q50,539,29399.41,29551.76,-152.35,-1.2
Volkswagen,Beetle Convertible,59,18114.41,18266.1,-151.69,-1.96
Kia,Optima,4388,13400.98,13552.46,-151.48,-6.6
GMC,Sonoma,55,3323.18,3474.55,-151.36,-26.29
Suzuki,Reno,43,1687.21,1838.37,-151.16,-47.87
Mitsubishi,Lancer,1034,8042.34,8193.25,-150.92,-7.53
lexus,gx,98,11871.94,12020.66,-148.72,-2.85
Dodge,Stratus,291,1367.44,1515.81,-148.37,-53.34
Toyota,Camry,12545,11179.5,11327.3,-147.81,-5.32
Volkswagen,Tiguan,537,14198.7,14346.46,-147.76,-2.97
Aston Martin,V8 Vantage,17,50929.41,51076.47,-147.06,-0.58
Saturn,ION,481,2035.24,2180.82,-145.58,-31.35
Oldsmobile,Cutlass Supreme,11,434.09,579.55,-145.45,-47.02
Chevrolet,Cruze,6348,11136.38,11281.21,-144.83,-3.69
Ford,Expedition,2826,16015.29,16159.69,-144.4,-12.2
Jeep,Grand Cherokee,4686,16347.36,16491.46,-144.09,-9.91
Volkswagen,Golf,319,9318.97,9462.93,-143.97,-8.24
Hyundai,Elantra Touring,127,7603.74,7747.05,-143.31,-10.58
Dodge,Dakota,603,5375.68,5518.91,-143.23,-22.79
Pontiac,Bonneville,135,1513.89,1656.85,-142.96,-47.07
Toyota,Tercel,20,555,697.5,-142.5,-54.52
Dodge,Sprinter Cargo,119,8431.93,8573.95,-142.02,-13.47
Chevrolet,Equinox,4916,12345.91,12487.07,-141.16,-6.23
Audi,A8,298,27043.62,27184.73,-141.11,-4.99
Cadillac,SRX,1252,20017.17,20157.15,-139.98,-3.66
Chrysler,Sebring,1347,3112.58,3252.51,-139.93,-32.86
Ford,Mustang,4950,13784.52,13922.03,-137.51,-7.6
Pontiac,Montana SV6,4,2962.5,3100,-137.5,-38.17
Lexus,SC 300,11,1509.09,1645.45,-136.36,-83.27
jeep,patriot,11,15809.09,15945.45,-136.36,-2.02
Chevrolet,Suburban,2401,19758.25,19894.51,-136.26,-8.25
Volvo,S40,396,3838.64,3974.49,-135.86,-26.19
Jeep,Liberty,2556,7801.87,7937.54,-135.67,-11.48
Chevrolet,Malibu Maxx,172,2655.23,2790.84,-135.61,-27.57
Chevrolet,Uplander,342,2939.69,3074.56,-134.87,-16.96
Acura,ILX,140,18810,18944.64,-134.64,-1.46
Volvo,S60,1153,13766.59,13900.93,-134.35,-9.33
Mercury,Sable,221,1746.61,1880.54,-133.94,-46.28
ford,f150,62,8222.18,8355.65,-133.47,-33.14
Toyota,Tacoma,1140,20938.71,21072.04,-133.33,-1.75
Volkswagen,Jetta,4660,7828.77,7961.98,-133.21,-10.28
Subaru,Legacy,1141,13258.95,13391.91,-132.97,-8.03
Toyota,Camry Hybrid,598,13829.33,13961.96,-132.63,-2.6
Hyundai,Tiburon,191,3056.57,3189.01,-132.43,-33.68
Infiniti,FX,394,27351.04,27483.12,-132.08,-1.21
mercury,mountaineer,4,612.5,743.75,-131.25,-33.99
Audi,allroad,46,32436.96,32567.39,-130.43,-0.64
BMW,1 Series,405,19255.49,19385.93,-130.43,-1.51
Infiniti,J30,5,440,570,-130,-33.16
Buick,Park Avenue,116,1609.05,1739.01,-129.96,-50.07
Mazda,Mazda5,623,10106.36,10236.32,-129.96,-8.14
Mazda,Mazda3,2865,9228.66,9358.6,-129.94,-8.35
Honda,Pilot,2068,18463.19,18592.07,-128.88,-2.85
GMC,Sierra 1500,2333,19572.34,19701.15,-128.8,-5.91
mazda,rx8,43,3732.56,3861.05,-128.49,-35.12
Nissan,Truck,16,1212.5,1339.06,-126.56,-44.72
lincoln,mkt,18,28875,29000,-125,-2.42
Mazda,CX-7,384,9418.62,9543.16,-124.54,-4.23
Nissan,Cube,286,8257.69,8381.82,-124.13,-4.99
Subaru,B9 Tribeca,87,6559.77,6683.62,-123.85,-10.35
Dodge,Neon,246,1472.97,1595.12,-122.15,-36.64
chevrolet,malibu,21,4892.86,5014.29,-121.43,-13.23
Jaguar,S-Type,240,2907.71,3028.85,-121.15,-40.54
Lincoln,Town Car,352,4423.51,4544.25,-120.74,-29.28
GMC,Terrain,1136,17450.62,17571.04,-120.42,-1.53
Infiniti,G Coupe,1593,22437.73,22558.07,-120.34,-1.08
Infiniti,QX,211,40571.59,40691.47,-119.88,-0.73
MINI,Cooper Countryman,498,19068.27,19185.89,-117.62,-1.84
Kia,Sedona,946,7516.16,7633.46,-117.3,-15.1
Saturn,VUE,852,3411.65,3528.05,-116.4,-25.03
Mitsubishi,Galant,573,3839.09,3955.5,-116.4,-21.98
smart,fortwo,395,6247.59,6363.61,-116.01,-4.03
Infiniti,M35,257,9949.81,10065.37,-115.56,-5.22
Ford,Five Hundred,358,3048.39,3163.62,-115.22,-27.51
cadillac,srx,76,4942.76,5057.89,-115.13,-12.86
Mazda,Mazdaspeed Protege,5,2340,2455,-115,-72.35
GMC,Suburban,20,1225,1337.5,-112.5,-52.89
Chevrolet,Black Diamond Avalanche,42,34447.62,34559.52,-111.9,-0.87
dodge,grand,61,4016.39,4126.64,-110.25,-44.13
GMC,Canyon,118,9759.75,9869.92,-110.17,-11.17
Lexus,GS 350,766,28310.9,28420.66,-109.76,-0.82
Dodge,Caravan,227,1876.43,1986.01,-109.58,-38.49
Nissan,Rogue,5589,13812.46,13921.89,-109.43,-2.54
Dodge,Grand Caravan,7941,11412.42,11521.64,-109.22,-6.46
Oldsmobile,Aurora,41,1099.39,1207.32,-107.93,-68.92
Scion,FR-S,166,18011.14,18116.87,-105.72,-1.87
Chevrolet,Avalanche,1154,13626.6,13731.63,-105.03,-5.96
BMW,3 Series,8204,16809.63,16912.66,-103.03,-4.98
Maserati,GranTurismo,28,60662.5,60764.29,-101.79,-0.83
Mercedes-Benz,CLK-Class,477,7730.4,7830.71,-100.31,-13.31
Dodge,Ram Van,1,1200,1300,-100,-8.33
Dodge,Sprinter,3,9866.67,9966.67,-100,-1.16
Oldsmobile,Eighty-Eight Royale,3,433.33,533.33,-100,-67.5
mercury,cougar,1,550,650,-100,-18.18
ford truck,explorer,2,375,475,-100,-29.46
mercedes,sprinter,1,18300,18400,-100,-0.55
Subaru,Impreza,953,13310.77,13409.94,-99.17,-4.93
Lexus,ES 350,1921,19757.01,19855.95,-98.93,-1.5
dodge,stratus,28,891.96,990.18,-98.21,-49.88
Infiniti,G35,1121,6808.79,6906.8,-98.02,-11.92
Volvo,V40,21,1716.67,1814.29,-97.62,-25.27
Mitsubishi,Endeavor,182,3756.04,3852.75,-96.7,-19.73
Acura,Integra,44,1127.27,1223.3,-96.02,-67.08
Volvo,C30,40,11853.75,11949.37,-95.62,-4.81
volkswagen,passat,13,2623.08,2717.31,-94.23,-15.52
Chevrolet,Cavalier,384,969.4,1061.59,-92.19,-40.5
Chevrolet,Impala Limited,1102,13852.86,13944.78,-91.92,-2.44
Subaru,XV Crosstrek,201,20982.24,21074.13,-91.89,-2.13
Geo,Prizm,18,536.11,626.39,-90.28,-51.35
Kia,Sorento,3408,14643.26,14733,-89.75,-5.49
Honda,Odyssey,3500,12147.11,12236.23,-89.12,-6.19
Honda,Civic,7433,8678.56,8767.13,-88.57,-7.92
Toyota,Prius,1840,10121.25,10209.51,-88.26,-4.61
Chevrolet,Traverse,2012,16484.8,16572.96,-88.16,-2.38
Ford,Windstar,212,1007.31,1095.4,-88.09,-46.89
landrover,rangerover,6,13325,13412.5,-87.5,-13.29
Acura,RSX,151,4492.72,4579.97,-87.25,-17.92
Saturn,S-Series,350,751.43,838.07,-86.64,-47.79
Subaru,Impreza WRX,108,26016.2,26102.78,-86.57,-0.82
,,10301,8965.74,9051.84,-86.1,-19.16
Lexus,IS 250,1939,19300.43,19386.51,-86.09,-1.62
Kia,Amanti,101,3094.55,3180.45,-85.89,-23.72
Mercedes-Benz,500-Class,7,2685.71,2771.43,-85.71,-29.72
Mazda,CX-9,845,17542.07,17627.78,-85.71,-1.41
honda,odyssey,36,1160.42,1245.83,-85.42,-43.14
Ford,Escort,105,605.24,690.48,-85.24,-44.05
Honda,Crosstour,300,18039.5,18124.17,-84.67,-1
Chevrolet,Silverado 1500,6362,16868.71,16953.37,-84.66,-7.47
Cadillac,DeVille,634,1764.03,1847.99,-83.96,-46.66
Chevrolet,Venture,179,1060.17,1143.85,-83.69,-44.18
Chrysler,Cirrus,26,645.19,728.85,-83.65,-56.66
Acura,MDX,1581,16996.88,17080.12,-83.24,-4.58
Nissan,Altima Hybrid,83,7101.2,7183.73,-82.53,-10.71
Kia,Sportage,1224,12755.23,12836.58,-81.35,-5.4
Mazda,Protege,116,1018.75,1100,-81.25,-39.27
Nissan,Frontier,1411,13868.68,13949.34,-80.66,-4.92
MINI,Cooper,2209,10315.02,10395.36,-80.34,-3.93
Hyundai,Veracruz,156,11462.02,11542.31,-80.29,-3.83
Audi,A6,831,17511.28,17591.46,-80.17,-14.82
Mitsubishi,Outlander,588,12348.38,12428.44,-80.06,-5.01
Infiniti,G Sedan,7417,19943.21,20022.67,-79.46,-0.94
Volkswagen,GLI,65,12206.15,12285,-78.85,-3.6
Pontiac,Solstice,96,6835.94,6914.06,-78.12,-11.5
Dodge,Nitro,610,8806.89,8884.92,-78.03,-4.48
ford,windstar,20,630,707.5,-77.5,-27.93
Mercedes-Benz,300-Class,11,940.91,1018.18,-77.27,-67.83
Nissan,Altima,19349,11421.06,11496.5,-75.45,-5.24
dodge tk,gr,1,550,625,-75,-13.64
Suzuki,Vitara,6,1395.83,1470.83,-75,-56.65
Mazda,3,35,10725.71,10800.71,-75,-22.21
Ford,Tempo,3,333.33,408.33,-75,-22.62
Chevrolet,Astro,42,2130.36,2205.36,-75,-41.17
Mitsubishi,Outlander Sport,547,13546.62,13621.12,-74.5,-2.49
honda,pilot,82,5277.44,5351.22,-73.78,-9.65
Jaguar,X-Type,190,2681.71,2754.34,-72.63,-37.06
Lexus,ES 300,381,3160.24,3232.81,-72.57,-30.03
Hyundai,Sonata Hybrid,546,15571.56,15643.27,-71.71,-2.57
Mazda,Tribute,309,3225.73,3296.93,-71.2,-26.1
Toyota,Sequoia,596,15420.64,15491.15,-70.51,-9.8
Mazda,Mazda6,1512,9401.53,9471.69,-70.17,-9.56
Plymouth,Breeze,5,580,650,-70,-32.62
Acura,TL,2135,11890.67,11959.66,-68.99,-6.15
Audi,TT RS,3,44800,44866.67,-66.67,-0.11
GMC,Acadia,2034,17841.17,17907.65,-66.48,-1.91
Cadillac,Seville,158,1345.25,1409.02,-63.77,-43.67
Ford,Aspire,2,500,562.5,-62.5,-12.5
Ford,F-250 Super Duty,2559,20598.65,20661.12,-62.47,-5.91
Cadillac,Escalade EXT,154,18641.23,18703.25,-62.01,-3.5
Lexus,ES 330,309,6286.41,6347.17,-60.76,-6.51
ford,focus,5,900,960,-60,-11.29
Kia,Spectra,468,2527.62,2587.5,-59.88,-22.78
Toyota,Celica,100,2231.5,2291.25,-59.75,-26.95
Kia,Cadenza,245,20839.39,20898.37,-58.98,-5.19
Oldsmobile,Cutlass,14,632.14,691.07,-58.93,-23.24
Nissan,Xterra,1254,8778.21,8837.1,-58.89,-10.07
Chrysler,Aspen,228,8714.04,8772.48,-58.44,-7.18
Lincoln,LS,218,1823.62,1881.42,-57.8,-48.82
Volkswagen,Jetta SportWagen,208,13830.29,13887.02,-56.73,-2.12
Pontiac,Vibe,246,4131.91,4188.21,-56.3,-14.98
Ford,Windstar Cargo,4,281.25,337.5,-56.25,-18.05
Chrysler,300M,101,1245.3,1300.5,-55.2,-50.25
Volvo,850,20,448.75,503.75,-55,-28.14
Volkswagen,Routan,232,9787.5,9841.7,-54.2,-3.48
Chevrolet,SSR,27,18127.78,18181.48,-53.7,-1.33
Volvo,S70,74,761.15,814.53,-53.38,-42.31
Saturn,Outlook,288,7619.27,7671.87,-52.6,-5.99
Toyota,Matrix,349,5446.78,5498.93,-52.15,-15.34
Ford,Freestyle,278,2661.6,2712.95,-51.35,-29.89
Hyundai,Santa Fe,1645,9783.81,9834.91,-51.1,-13.11
Mercury,Mariner,312,6632.69,6683.09,-50.4,-10
Chevrolet,S-10 Blazer,3,600,650,-50,-27.87
Plymouth,Neon,6,458.33,508.33,-50,-16.84
Mazda,B-Series Truck,6,8466.67,8516.67,-50,-1.67
landrover,range,9,15250,15300,-50,-3.39
Volkswagen,New Beetle,799,3605.19,3654.91,-49.72,-19.18
Mazda,MPV,149,1659.4,1709.06,-49.66,-30.41
Chevrolet,Tracker,69,1775,1823.19,-48.19,-42.49
Kia,K900,61,38557.38,38604.92,-47.54,-0.18
Volvo,XC90,734,9235.59,9282.8,-47.21,-8.23
Toyota,Highlander Hybrid,204,13204.04,13251.1,-47.06,-2.64
vw,routan,12,20916.67,20962.5,-45.83,-0.68
Acura,RDX,420,19012.62,19057.98,-45.36,-1.14
honda,accord,5,1880,1925,-45,-69.23
Ford,C-Max Hybrid,312,15219.24,15262.02,-42.78,-1.66
Oldsmobile,Intrigue,53,860.38,902.83,-42.45,-42.95
plymouth,voyager,3,475,516.67,-41.67,-12.35
Suzuki,Forenza,239,1524.16,1564.96,-40.79,-32.09
Mitsubishi,Montero,64,2754.69,2794.53,-39.84,-15.58
Chevrolet,Express Cargo,1063,9301.6,9340.9,-39.3,-8.14
Toyota,Avalon,1149,10335.72,10374.65,-38.94,-9.78
BMW,6 Series,676,33414.68,33453.37,-38.68,-2.61
Lincoln,Navigator,833,15853.97,15891.78,-37.81,-12.05
Toyota,T100,4,2137.5,2175,-37.5,-10.88
Daewoo,Nubira,2,450,487.5,-37.5,-22.92
Infiniti,QX4,74,2276.35,2312.5,-36.15,-34.08
Audi,A7,133,42101.5,42135.34,-33.83,-0.29
Audi,A3,259,15380.12,15413.9,-33.78,-2.83
BMW,M3,297,30413.89,30447.05,-33.17,-1.33
Scion,tC,694,9413.04,9445.71,-32.67,-8.55
bmw,750i,30,21278.33,21310,-31.67,-1.71
Chevrolet,Silverado 1500HD,44,7335.23,7365.34,-30.11,-8.13
Volkswagen,Golf R,22,25606.82,25636.36,-29.55,-0.45
BMW,Z4,276,22700,22728.99,-28.99,-3.07
Lincoln,Aviator,150,3479.67,3508.5,-28.83,-45.04
Acura,RL,108,5816.9,5845.6,-28.7,-23.89
Volvo,960,7,496.43,525,-28.57,-19.88
Infiniti,QX80,98,54969.39,54996.94,-27.55,-0.53
Toyota,Highlander,2232,15424.77,15452.27,-27.51,-2.35
Infiniti,EX,145,22375.52,22402.76,-27.24,-0.53
Mitsubishi,Lancer Evolution,136,23192.65,23219.67,-27.02,-0.9
Honda,Accord,9127,9657.91,9684.11,-26.19,-7.87
Hyundai,Veloster,608,13337.01,13362.75,-25.74,-3.07
Acura,Legend,9,597.22,622.22,-25,-33.37
chevrolet,corsica,2,350,375,-25,-10.42
Infiniti,G20,39,992.95,1016.67,-23.72,-22.69
Ram,C/V Tradesman,28,8942.86,8966.07,-23.21,-2.51
Infiniti,QX56,438,21682.73,21705.82,-23.09,-0.93
Chevrolet,Tahoe Hybrid,33,14195.45,14218.18,-22.73,-2.78
Lexus,CT 200h,412,19866.02,19888.23,-22.21,-0.56
Honda,CR-V,3265,13372.97,13394.74,-21.77,-1.62
Oldsmobile,Cutlass Ciera,9,383.33,402.78,-19.44,-7.58
mercury,villager,13,576.92,596.15,-19.23,-11.2
Pontiac,Aztek,13,1028.85,1048.08,-19.23,-29.64
Chevrolet,Astro Cargo,46,2329.35,2348.37,-19.02,-72.31
Honda,Passport,29,1273.28,1292.24,-18.97,-62.42
Acura,TSX,1119,14255,14273.79,-18.79,-1.42
Honda,Insight,228,9091.45,9109.32,-17.87,-3.51
Infiniti,I35,96,2742.19,2759.64,-17.45,-17.1
Infiniti,Q45,44,3134.09,3151.14,-17.05,-29.66
Cadillac,Escalade,1183,21970.84,21986.54,-15.7,-7.8
Nissan,Titan,802,13235.49,13250.72,-15.22,-6.79
Hyundai,Azera,314,12737.58,12751.99,-14.41,-7.77
Volvo,XC70,169,14113.91,14128.25,-14.35,-10.45
Toyota,Venza,578,16826.13,16840.4,-14.27,-1.03
Volkswagen,Beetle,457,12717.94,12732.17,-14.22,-3.21
Buick,Terraza,55,3268.18,3282.27,-14.09,-17.17
nissan,quest,11,577.27,590.91,-13.64,-17.91
gmc,savana,2,5300,5312.5,-12.5,-0.49
Buick,Enclave,1070,18876.5,18886.92,-10.42,-1.12
Scion,xA,29,2881.03,2891.38,-10.34,-10.35
mercedes,c230wz,44,6709.09,6718.75,-9.66,-3.05
Isuzu,Trooper,32,995.31,1004.69,-9.37,-22.55
Lexus,GS 300,219,8061.64,8070.66,-9.02,-3.77
Ford,Taurus X,89,4625.28,4633.71,-8.43,-8.39
ford,explorer,72,2269.79,2277.08,-7.29,-23.25
Lexus,IS 350,195,19518.97,19526.15,-7.18,-0.4
Lexus,LS 400,86,2204.94,2211.63,-6.69,-42.62
Lincoln,Continental,67,1226.87,1232.09,-5.22,-48.56
Saab,9-7X,53,4870.75,4875.47,-4.72,-3.8
Mitsubishi,Montero Sport,151,1319.57,1324.17,-4.6,-29.16
lincoln,town,11,5009.09,5013.64,-4.55,-16.33
Land Rover,Discovery,11,1225,1229.55,-4.55,-82.07
dodge,durango,23,2650,2653.26,-3.26,-15.41
GMC,Savana Cargo,662,19636.56,19638.9,-2.34,-0.47
Toyota,Tundra,1314,20961.21,20962.52,-1.31,-2.65
Scion,iQ,122,8888.11,8888.52,-0.41,-0.58
